"file","website_usage","source","status"
"frontend/public/assets/images/site/hero-poster.jpg","Homepage hero poster and fallback","frontend/public/assets/images/site/hero-poster.jpg","copied-local"
"frontend/public/assets/images/site/about-portrait.jpeg","About page portrait and structured data image","frontend/public/assets/images/site/about-portrait.jpeg","copied-local"
"frontend/public/assets/images/site/social-share-og.png","Open Graph and social sharing image","frontend/public/assets/images/site/social-share-og.png","copied-local"
"frontend/public/assets/images/site/favicon.svg","Browser tab icon","frontend/public/favicon.svg","copied-local"
"frontend/public/assets/images/ui/grain-texture.svg","CSS grain/noise overlay","frontend/src/index.css inline SVG","extracted-from-css"
"frontend/public/assets/images/music-covers/01-neon-cathedral.jpg","Neon Cathedral cover","https://images.unsplash.com/photo-1556139930-c23fa4a4f934","downloaded-stock"
"frontend/public/assets/images/music-covers/02-midnight-voltage.jpg","Midnight Voltage cover","https://images.unsplash.com/photo-1566410824233-a8011929225c","downloaded-stock"
"frontend/public/assets/images/music-covers/03-solar-winds-remix.jpg","Solar Winds remix cover","https://images.unsplash.com/photo-1709377195538-5522ed0f9e10","downloaded-stock"
"frontend/public/assets/images/music-covers/04-afterlife-sequence.jpg","Afterlife Sequence cover","https://images.pexels.com/photos/3391926/pexels-photo-3391926.jpeg","downloaded-stock"
"frontend/public/assets/images/music-covers/05-tulum-sunrise-live-set.jpg","Tulum Sunrise live set cover","https://images.unsplash.com/photo-1493225457124-a3eb161ffa5f","downloaded-stock"
"frontend/public/assets/images/music-covers/06-electric-bloom.jpg","Electric Bloom cover","https://images.unsplash.com/photo-1459749411175-04bf5292ceea","downloaded-stock"
"frontend/public/assets/images/gallery/01-festival-mainstage-lights.jpg","Gallery: Festival mainstage lights","https://images.unsplash.com/photo-1470225620780-dba8ba36b745","downloaded-stock"
"frontend/public/assets/images/gallery/02-live-dj-performance.jpg","Gallery: Live DJ performance","https://images.unsplash.com/photo-1533174072545-7a4b6ad7a6c3","downloaded-stock"
"frontend/public/assets/images/gallery/03-crowd-hands-up.jpg","Gallery: Crowd with hands up","https://images.unsplash.com/photo-1470229722913-7c0e2dbbafd3","downloaded-stock"
"frontend/public/assets/images/gallery/04-studio-session.jpg","Gallery: Studio session","https://images.unsplash.com/photo-1598488035139-bdbb2231ce04","downloaded-stock"
"frontend/public/assets/images/gallery/05-promo-portrait-neon.jpg","Gallery: Promo portrait neon","https://images.unsplash.com/photo-1541126274323-dbac58d14741","downloaded-stock"
"frontend/public/assets/images/gallery/06-dj-decks-close-up.jpg","Gallery: DJ decks close up","https://images.unsplash.com/photo-1516873240891-4bf014598ab4","downloaded-stock"
"frontend/public/assets/images/gallery/07-festival-stage-neon.jpg","Gallery: Festival stage neon","https://images.unsplash.com/photo-1721133073235-e4b5facb27fa","downloaded-stock"
"frontend/public/assets/images/gallery/08-backstage-moment.jpg","Gallery: Backstage moment","https://images.unsplash.com/photo-1493225457124-a3eb161ffa5f","downloaded-stock"
"frontend/public/assets/images/gallery/09-dense-festival-crowd.jpg","Gallery: Dense festival crowd","https://images.pexels.com/photos/9534912/pexels-photo-9534912.jpeg","downloaded-stock"
"frontend/public/assets/images/gallery/10-mixing-console.jpg","Gallery: Mixing console","https://images.unsplash.com/photo-1520523839897-bd0b52f945a0","downloaded-stock"
"docs/media/broken-sources/gallery-rooftop-set.txt","Gallery: Rooftop set","https://images.unsplash.com/photo-1571266028243-e4733b0f0bb0","404-source-broken"
"frontend/public/assets/images/gallery/12-stage-silhouette.jpg","Gallery: Stage silhouette","https://images.unsplash.com/photo-1459749411175-04bf5292ceea","downloaded-stock"
"frontend/public/assets/images/events/01-awakenings-festival.jpg","Event: Awakenings Festival","https://images.unsplash.com/photo-1721133073235-e4b5facb27fa","downloaded-stock"
"frontend/public/assets/images/events/02-club-nebula.jpg","Event: Club Nebula","https://images.pexels.com/photos/9534912/pexels-photo-9534912.jpeg","downloaded-stock"
"docs/media/broken-sources/event-neon-skyline-rooftop.txt","Event: Neon Skyline Rooftop","https://images.unsplash.com/photo-1571266028243-e4733b0f0bb0","404-source-broken"
"frontend/public/assets/images/events/04-tomorrowland-rose-garden.jpg","Event: Tomorrowland Rose Garden","https://images.unsplash.com/photo-1533174072545-7a4b6ad7a6c3","downloaded-stock"
"frontend/public/assets/images/events/05-ultra-music-festival.jpg","Event: Ultra Music Festival","https://images.unsplash.com/photo-1470229722913-7c0e2dbbafd3","downloaded-stock"
"frontend/public/assets/images/events/06-warehouse-sessions.jpg","Event: Warehouse Sessions","https://images.unsplash.com/photo-1516873240891-4bf014598ab4","downloaded-stock"
"frontend/public/assets/images/testimonials/01-lena-vogt.jpg","Testimonial: Lena Vogt","https://i.pravatar.cc/120?img=5","downloaded-placeholder"
"frontend/public/assets/images/testimonials/02-marco-bellini.jpg","Testimonial: Marco Bellini","https://i.pravatar.cc/120?img=12","downloaded-placeholder"
"frontend/public/assets/images/testimonials/03-aisha-rahman.jpg","Testimonial: Aisha Rahman","https://i.pravatar.cc/120?img=32","downloaded-placeholder"
"frontend/public/assets/images/testimonials/04-david-osei.jpg","Testimonial: David Osei","https://i.pravatar.cc/120?img=15","downloaded-placeholder"
"frontend/public/assets/images/video-thumbnails/01-neon-cathedral.jpg","Video thumbnail: Neon Cathedral","https://img.youtube.com/vi/dQw4w9WgXcQ/hqdefault.jpg","downloaded-remote"
"frontend/public/assets/images/video-thumbnails/02-live-at-awakenings-2025.jpg","Video thumbnail: Live at Awakenings 2025","https://img.youtube.com/vi/5qap5aO4i9A/hqdefault.jpg","downloaded-remote"
"docs/media/broken-sources/video-sunrise-dj-set-tulum-thumbnail.txt","Video thumbnail: Sunrise DJ Set - Tulum","https://img.youtube.com/vi/jfKfPfyJRdk/hqdefault.jpg","404-source-broken"
"frontend/public/assets/images/video-thumbnails/04-building-electric-bloom.jpg","Video thumbnail: Building Electric Bloom","https://img.youtube.com/vi/5yx6BWlEVcY/hqdefault.jpg","downloaded-remote"
"frontend/public/assets/images/video-thumbnails/05-europe-tour-diary.jpg","Video thumbnail: Europe Tour Diary","https://img.youtube.com/vi/hHW1oY26kxQ/hqdefault.jpg","downloaded-remote"
"frontend/public/assets/images/video-thumbnails/06-midnight-voltage-visualizer.jpg","Video thumbnail: Midnight Voltage Visualizer","https://img.youtube.com/vi/9bZkp7q19f0/hqdefault.jpg","downloaded-remote"
